id,product_name,category_id,list_price
1,Pareramin,12,37
2,Enderollan,7,95
3,Qwitanimistor,14,62
4,Rapsapedar,21,53
5,Adsapepax,24,34
6,Monsapinex,21,139
7,Grotanedex,1,131
8,Qwifropedax,6,63
9,Surtumamin,3,109
10,Upvenegicator,11,89
11,Grodudadower,11,52
12,Reglibiman,22,108
13,Thrudimedgover,29,91
14,Frojubican,22,79
15,Klikiledgax,3,96
16,Fromunepar,19,139
17,Rapsapeficator,26,8
18,Inkilopover,3,94
19,Thrucadaman,8,34
20,Zeewerollover,5,73
21,Adcadewax,7,53
22,Hapvenopar,31,10
23,Barquestepower,3,95
24,Rapdimommar,19,83
25,Qwifropopistor,12,108
26,Parjubexex,10,106
27,Unsapewazz,4,50
28,Parmunewan,8,78
29,Endtanegin,21,14
30,Barsipopover,18,132
31,Hapdimexor,24,59
32,Empickedgentor,6,107
33,Frovenupar,11,13
34,Supvenanantor,3,64
35,Barwerponazz,30,122
36,Winfropollower,14,99
37,Barrobplover,19,146
38,Tupbanopar,17,25
39,Barrobexex,25,89
40,Trudimaquantor,13,81
41,Supdimplazz,33,12
42,Parquestimantor,12,82
43,Unrobommar,15,91
44,Adtinedistor,11,59
45,Emdimiman,1,44
46,Cipjubinax,7,148
47,Lomvenaquex,25,24
48,Emmunplax,22,90
49,Inkilexan,23,80
50,Frohupadentor,20,49
51,Dopglibplax,2,106
52,Truglibplantor,12,20
53,Surpickedex,29,34
54,Emvenilax,33,53
55,Trudimackin,24,131
56,Dopfropimex,26,32
57,Emkilexower,31,150
58,Surtanonar,16,128
59,Endzapopex,26,95
60,Surfropexor,8,79
61,Advenommantor,29,94
62,Thruwerpplan,20,58
63,Qwizapollin,1,54
64,Inquestackicator,1,128
65,Surpickedgan,18,36
66,Zeerobamazz,31,96
67,Endwerpollazz,9,101
68,Dopsapicin,30,32
69,Zeemunamentor,31,107
70,Intumadistor,20,146
71,Winquestefower,3,142
72,Zeetumegor,22,133
73,Klitanefistor,30,10
74,Survenackover,12,103
75,Haprobamistor,7,66
76,Parwerpaquicator,15,121
77,Adrobanentor,16,69
78,Frosipackicator,12,41
79,Zeezapepantor,23,45
80,Qwicadackentor,1,110
81,Unsapedar,24,87
82,Inglibepin,22,110
83,Klitanplantor,10,148
84,Trucadover,5,115
85,Thrutuminentor,8,31
86,Inwerilentor,22,43
87,Grovenexistor,31,78
88,Supkilollantor,7,110
89,Embanollentor,7,84
90,Pareronentor,14,95
91,Growerpower,4,99
92,Indimackex,11,23
93,Redudackin,10,80
94,Adnipimicator,30,15
95,Sursapinentor,5,137
96,Endsipedower,11,104
97,Lomjubinentor,31,33
98,Raptinplin,20,113
99,Supbanaquan,24,28
100,Parcadexan,18,98
101,Winkilexover,29,53
102,Grosapican,8,142
103,Unpebupicator,29,133
104,Uperommar,4,84
105,Lompickonax,20,56
106,Trurobicazz,4,122
107,Varrobedower,18,15
108,Qwibanicicator,1,81
109,Qwiwerpedover,8,137
110,Upzapar,15,14
111,Rezapopover,23,113
112,Surquestilar,15,114
113,Lompebexazz,29,89
114,Happickedgex,13,135
115,Grosipackicator,33,142
116,Klisapicex,23,134
117,Rerobexower,8,60
118,Frotinackex,21,89
119,Redudonantor,20,102
120,Rejubegax,29,142
121,Adrobupentor,27,23
122,Varpebackicator,25,141
123,Qwiglibicator,26,98
124,Inrobexax,18,17
125,Tuperollor,11,52
126,Tuptanonistor,12,125
127,Varpickilazz,13,58
128,Rewerpedower,3,144
129,Partumanan,17,116
130,Endnipepover,10,112
131,Grodudexazz,11,93
132,Parveninantor,33,106
133,Supjubicover,10,18
134,Sursipackax,19,96
135,Thrutumackantor,11,62
136,Upquestedax,33,95
137,Endtumackor,31,127
138,Sursapexantor,29,70
139,Dopjubaquover,15,64
140,Happebanazz,16,59
141,Barfropupor,2,33
142,Endkilewor,4,147
143,Inrobackar,23,123
144,Qwirobupor,12,74
145,Thruwerpewentor,29,132
146,Lomkilazz,31,136
147,Parcadedgover,8,84
148,Unquestplin,21,95
149,Supkilopan,9,23
150,Emeraquan,24,8
151,Emjubinan,29,49
152,Untinicor,32,94
153,Empickonantor,3,16
154,Survenaquin,21,36
155,Parrobedax,18,80
156,Frosipedgor,32,62
157,Endhupamistor,31,49
158,Surdimackax,21,121
159,Endnipollicator,30,37
160,Wintumepax,10,82
161,Lomsapexan,3,69
162,Monericover,18,21
163,Cipfropinar,33,115
164,Lomtinepin,9,30
165,Zeesapanover,7,71
166,Monsipilentor,30,12
167,Unnipaquazz,21,101
168,Tuprobollentor,21,142
169,Partumepan,8,78
170,Wintinollex,3,52
171,Supdudewor,11,12
172,Lomdimefover,18,140
173,Frodiminor,22,30
174,Requestedar,22,48
175,Monnipaquistor,20,114
176,Zeesipadazz,18,26
177,Tipkiledgentor,20,23
178,Grocadedgicator,23,29
179,Upfropamistor,6,35
180,Rapsipewin,6,66
181,Vartanaquex,27,46
182,Haprobepin,17,114
183,Varpickplor,7,126
184,Varwerpadex,24,113
185,Grotanimistor,4,68
186,Surpickedgazz,27,148
187,Thrutinonicator,33,95
188,Winjubedgicator,13,131
189,Emwerinor,3,21
190,Zeesapommentor,27,6
191,Insipexin,30,51
192,Supnipackistor,11,11
193,Adpickedor,13,38
194,Monjubexistor,7,132
195,Endtumedantor,14,140
196,Zeewerewower,5,17
197,Unvenupentor,2,37
198,Tipglibollan,3,98
199,Grosapackicator,1,8
200,Varbanonicator,3,125
201,Hapsaponistor,32,40
202,Vartanadicator,23,92
203,Dopquestedgicator,1,22
204,Grozapanicator,9,121
205,Tiptanadicator,1,147
206,Wintinedgantor,10,58
207,Klipebaquantor,14,70
208,Trudimegax,33,118
209,Hapnipegazz,25,72
210,Qwimuninan,3,59
211,Lomdudupar,19,43
212,Uncadackar,8,25
213,Zeewerilar,15,91
214,Kliwerimazz,24,120
215,Lomerefar,33,41
216,Unquestanex,7,105
217,Rapzaponex,32,45
218,Suppebimover,5,7
219,Tuptinplor,20,111
220,Trusipaquex,14,73
221,Addudplantor,23,67
222,Rapmunefin,29,120
223,Bartinedgantor,21,126
224,Emsiponan,30,77
225,Varwerponicator,25,6
226,Tipcadaquistor,27,6
227,Gropebollar,15,107
228,Invenollicator,26,48
229,Froquestonan,12,59
230,Dopquestedan,1,102
231,Endpebupan,30,139
232,Hapjubackan,32,75
233,Grozapantor,32,26
234,Trujubimantor,22,60
235,Parglibamicator,24,31
236,Klidimefantor,1,104
237,Surcadilicator,33,97
238,Lompebommazz,30,10
239,Inrobador,5,116
240,Tupnipilex,17,15
241,Frokilplistor,32,84
242,Adrobonover,3,127
243,Endbanackex,29,64
244,Invenollantor,27,112
245,Unvenommin,3,112
246,Upzapamex,13,32
247,Frotanadin,9,70
248,Adquestollan,14,68
249,Sursipimar,15,96
250,Lomquestegicator,24,39
251,Rewerpedax,18,122
252,Varsapanax,15,36
253,Endvenanentor,16,137
254,Parquestollantor,15,85
255,Unmunilex,31,63
256,Dopmunanower,30,70
257,Haperegax,21,115
258,Emhupamax,20,94
259,Haprobimazz,31,120
260,Tipglibopor,26,146
261,Uneranentor,6,101
262,Zeekililar,1,27
263,Enderadin,7,64
264,Varfroponicator,22,120
265,Dopkilollentor,25,70
266,Intinamor,14,118
267,Grodimamower,6,148
268,Tipcadackantor,30,36
269,Parrobilazz,3,94
270,Intinexistor,29,87
271,Cipglibanor,18,13
272,Winhupistor,29,40
273,Frokilanistor,3,41
274,Raprobimex,26,101
275,Suphupackentor,10,139
276,Inbanewantor,23,91
277,Winweredex,27,60
278,Cipbananicator,21,19
279,Tipdudackar,8,115
280,Endkililicator,17,125
281,Dopwerpaquazz,26,85
282,Zeeweranicator,5,45
283,Rapdimedan,14,101
284,Varkilupor,10,24
285,Vardudicator,31,131
286,Emtanistor,10,108
287,Zeesapefex,10,88
288,Frosapupower,9,91
289,Emwerefower,29,147
290,Rapmunollar,21,111
291,Monvenplistor,5,139
292,Happickexar,32,8
293,Endkilaquin,7,40
294,Zeetumilicator,22,120
295,Barfropicor,4,64
296,Lomjubupar,25,62
297,Lomnipefar,24,67
298,Tipglibedgin,23,95
299,Parjubaman,30,47
300,Qwidudanax,24,144
301,Cippebimower,10,33
302,Thruglibewin,33,40
303,Emhupimantor,14,124
304,Upsipackazz,22,14
305,Klibanaquin,15,32
306,Supjubepor,6,86
307,Invenonantor,15,145
308,Thruquesticazz,26,40
309,Tupsapepax,21,96
310,Qwisipexicator,12,122
311,Varsipistor,30,15
312,Hapsipedor,27,101
313,Varsapexor,21,129
314,Hapvenackantor,22,145
315,Cipglibonex,3,66
316,Adpebupan,23,61
317,Monjubewentor,15,75
318,Emwerpilex,11,45
319,Frotumonentor,29,139
320,Dopcadepex,7,112
321,Parwerepar,32,35
322,Klifropadin,32,62
323,Rapnipicower,27,38
324,Empebadin,6,133
325,Klisipedgover,11,99
326,Hapvenopower,31,10
327,Monbanedantor,31,5
328,Adnipedan,10,70
329,Surfropamentor,13,43
330,Emnipegazz,24,82
331,Tupglibewin,13,28
332,Monfropefantor,26,115
333,Qwiweronar,1,122
334,Winzapommover,22,121
335,Tipglibewower,31,97
336,Unvenimantor,25,50
337,Tupkilackor,21,71
338,Endfropegower,5,92
339,Zeehupupin,2,143
340,Parbanamower,17,49
341,Endtumollax,2,113
342,Lomkiledistor,30,53
343,Unglibommazz,7,145
344,Surcadackar,4,30
345,Endtanupazz,4,101
346,Hapzapackistor,11,42
347,Monzapopor,8,29
348,Dopquestopentor,25,45
349,Winerinan,22,59
350,Zeequestefex,7,8
351,Lomdimopantor,20,137
352,Dopwerpilentor,1,27
353,Growerommistor,10,106
354,Vareregicator,26,85
355,Rapkilanentor,13,114
356,Cipbanplazz,32,121
357,Rapbanadin,33,7
358,Monzapimicator,5,141
359,Parbanopower,24,66
360,Winwerpicor,32,27
361,Raptanimistor,29,86
362,Surnipedex,7,80
363,Raphupilicator,1,148
364,Lomdudupicator,25,19
365,Updudefin,16,99
366,Endtanewar,7,50
367,Klitumefazz,15,129
368,Rapdudexar,15,13
369,Tipsapaquicator,29,54
370,Tipcadopentor,30,20
371,Tuptinedgantor,21,140
372,Thrusapackower,7,133
373,Thrududicantor,26,53
374,Qwizapollower,20,95
375,Parsapackex,17,149
376,Trupickedicator,7,132
377,Zeesapplazz,30,67
378,Cipbanamazz,18,13
379,Emquestonor,10,37
380,Trusipplan,3,61
381,Unhupilicator,9,130
382,Rapsipupistor,22,111
383,Winvenewantor,18,16
384,Surzapegazz,9,40
385,Parmunadax,3,96
386,Trueraquicator,19,6
387,Endsapplistor,5,15
388,Rapfropupantor,19,42
389,Incadexentor,10,12
390,Lommunedgicator,21,126
391,Zeequestedistor,26,49
392,Varsipackan,20,81
393,Inpickplistor,15,32
394,Qwisipewantor,9,121
395,Bartinexazz,14,113
396,Frowerpedgistor,31,38
397,Trucadegan,16,55
398,Unsipegistor,20,132
399,Klisapimentor,9,81
400,Tipmunackan,23,56
401,Windudinover,9,63
402,Haptinplower,7,22
403,Upweradin,16,141
404,Varbanadower,31,44
405,Unjubicor,20,18
406,Trupebicentor,2,9
407,Retanepar,19,124
408,Grodudamicator,11,16
409,Zeesipackin,22,86
410,Bartanaquor,25,132
411,Uppickonistor,29,59
412,Lomquestonax,2,144
413,Inwerpupan,7,109
414,Trudimanazz,24,9
415,Endcadamower,15,47
416,Fropickimazz,23,125
417,Cipzapegar,10,69
418,Winglibollar,16,113
419,Tipzapilin,17,73
420,Supbanopistor,12,97
421,Zeepickedgicator,22,40
422,Lomzapinex,18,92
423,Barsipantor,7,5
424,Lomkilopor,19,78
425,Adtumamistor,14,122
426,Insipupover,25,64
427,Hapdudplantor,12,106
428,Parglibamover,12,82
429,Surtaninover,22,131
430,Lompickupor,10,115
431,Qwifropopazz,31,81
432,Surkilicicator,2,85
433,Retumewazz,1,81
434,Lomglibedgicator,2,130
435,Parrobedgan,7,148
436,Rewerponin,7,114
437,Gropebefazz,16,120
438,Tupjubopantor,20,122
439,Thruglibollor,4,27
440,Adwerpedgantor,7,92
441,Varhupinistor,3,32
442,Thrududadentor,19,148
443,Growerpadin,21,106
444,Dopericex,9,30
445,Tuptanopar,13,72
446,Undudackentor,6,55
447,Trupickewover,6,122
448,Rapmunexentor,4,27
449,Upzapilar,19,79
450,Grocadedgower,30,138
451,Zeewerpedgicator,5,119
452,Qwisapefar,3,93
453,Hapbanackover,26,64
454,Doppickadax,22,134
455,Raprobadentor,8,21
456,Cipsapinax,15,121
457,Raptinaquover,3,21
458,Grocadicator,8,68
459,Raptanexentor,19,72
460,Qwidimimantor,1,104
461,Cipzaponor,12,52
462,Adweregax,25,47
463,Raptananax,7,35
464,Dopglibommower,13,121
465,Unpebupover,10,56
466,Resapor,24,123
467,Surjubefistor,33,67
468,Endmunedgax,17,128
469,Revenepax,17,11
470,Hapglibedower,10,83
471,Intumicover,17,10
472,Uncadexar,11,97
473,Repebedover,31,91
474,Klikilinover,7,131
475,Haperexistor,16,70
476,Tipbanexar,2,42
477,Parmunicentor,10,136
478,Monsipexazz,6,126
479,Thrutananan,18,10
480,Trupickackentor,25,72
481,Lomrobupex,4,92
482,Surfropilentor,14,84
483,Uphupewover,30,8
484,Fronipegax,31,143
485,Surbanedentor,20,146
486,Tipglibupantor,31,139
487,Upzapamower,21,27
488,Bareredgistor,6,97
489,Survenicator,16,114
490,Survenplar,12,33
491,Bartinonicator,7,98
492,Emdimadover,18,56
493,Supkilexover,24,54
494,Raphupepistor,19,73
495,Lomhupinex,1,45
496,Klisapepower,30,135
497,Endzapistor,20,119
498,Hapweregax,29,135
499,Varzapommazz,30,124
500,Zeecadollan,14,99
501,Supsapicator,4,138
502,Lomtinexower,19,144
503,Refropazz,21,21
504,Parrobefax,10,147
505,Endtaninex,32,133
506,Retumar,27,27
507,Frodimonin,9,7
508,Parzapegor,18,82
509,Varpickican,12,69
510,Tiptumilor,32,130
511,Hapdudilax,21,134
512,Supsapicistor,21,46
513,Barquestaquor,29,63
514,Trusapadax,12,6
515,Varbanaquazz,13,17
516,Thrurobplazz,4,119
517,Cipvenador,8,44
518,Trutumonower,3,42
519,Klidudanazz,12,125
520,Haphupamar,8,67
521,Zeecadegover,29,101
522,Emmunaquor,19,120
523,Winwerponor,30,19
524,Thruvenanantor,30,129
525,Renipinower,4,135
526,Requestplan,5,104
527,Updimimazz,15,48
528,Doprobegazz,7,23
529,Cipniponin,1,91
530,Doppebicex,18,85
531,Emcadinower,9,73
532,Bardudedgistor,4,6
533,Barnipimazz,14,7
534,Vardimicazz,11,62
535,Lomquestackower,2,84
536,Endpebinor,26,98
537,Thrueronin,20,67
538,Lomsapplistor,15,11
539,Dopnipanower,21,15
540,Partumadantor,20,124
541,Vartanedicator,8,137
542,Insapepover,22,94
543,Hapquestexover,12,33
544,Frohupollistor,22,135
545,Uppebaquentor,9,48
546,Haperplover,27,57
547,Ciprobplicator,6,143
548,Pardudedgover,22,53
549,Hapfropopor,18,61
550,Kliwerpepantor,13,76
551,Parkiledar,13,95
552,Barpebexover,32,81
553,Supzapaquex,1,16
554,Lomdudicin,13,62
555,Endbanilazz,9,147
556,Rapwerommantor,26,23
557,Hapvenonazz,2,129
558,Zeebanamower,1,43
559,Zeetumewentor,7,17
560,Survenanazz,4,34
561,Qwihupplentor,1,129
562,Parbanegin,17,134
563,Insapinicator,9,141
564,Rapwerilover,30,134
565,Barsapinar,15,61
566,Emkilinover,29,133
567,Tuppickedgover,14,44
568,Rapwerpewor,5,6
569,Tippebadazz,5,72
570,Suprobedantor,15,68
571,Monsipefax,8,56
572,Hapdimover,21,38
573,Winmunilentor,6,32
574,Mondimopentor,22,5
575,Qwiglibplax,27,80
576,Untumamover,23,12
577,Qwidimeficator,25,92
578,Hapbaninover,9,35
579,Klinipedgan,33,85
580,Tupwerpanantor,4,83
581,Monnipegantor,26,111
582,Unzapex,30,145
583,Intanplar,12,112
584,Zeedudinistor,13,20
585,Infropaquar,15,140
586,Parcadaquistor,4,142
587,Advenefentor,27,141
588,Supsipimor,31,95
589,Zeejubopistor,23,64
590,Hapquestedover,10,66
591,Thrucadin,22,119
592,Truniponicator,25,30
593,Qwiglibicax,10,144
594,Frojubopantor,29,131
595,Emmunilex,5,145
596,Bardudefan,11,8
597,Rapdudackax,5,103
598,Frokilackover,18,49
599,Grodiminover,17,78
600,Qwihupackover,10,66
601,Undimepax,20,18
602,Refropower,23,142
603,Renipollar,23,131
604,Requestadower,3,143
605,Resapegex,32,25
606,Rapjubonan,2,62
607,Grorobicin,7,54
608,Supquestaquentor,2,15
609,Unzapommex,13,131
610,Inhupicator,27,140
611,Klitanackar,10,81
612,Cipbanollex,32,100
613,Grotanewar,2,107
614,Endwerpanentor,8,84
615,Monzapegin,18,72
616,Wintumeficator,32,134
617,Zeesapanower,30,27
618,Haptumedgazz,20,126
619,Varpebanan,21,144
620,Surmunepistor,9,70
621,Zeetinonin,29,142
622,Emeredgazz,13,99
623,Sursapimicator,24,92
624,Endnipexar,14,10
625,Haperewax,29,99
626,Hapglibimicator,25,32
627,Qwiwerefover,19,44
628,Groeredgicator,7,51
629,Barhupanazz,9,10
630,Adweredazz,12,77
631,Inkilamantor,31,59
632,Varquestewor,32,48
633,Tippebamower,14,106
634,Rappebexower,13,25
635,Endrobplex,8,69
636,Tupsipplin,16,119
637,Adrobinin,33,18
638,Tiptinistor,16,119
639,Frodimexistor,8,146
640,Tupwerpedazz,12,82
641,Tupvenadex,15,92
642,Truerplover,7,131
643,Remunexor,26,114
644,Inwerican,23,74
645,Supnipegantor,3,136
646,Supdudamicator,20,24
647,Thrurobaquin,13,72
648,Frotumommistor,31,65
649,Froquestollistor,21,64
650,Tuperonower,19,17
651,Lomweraquax,29,131
652,Intinonower,15,128
653,Montanegan,10,55
654,Reglibedgor,20,13
655,Updudaquantor,4,74
656,Dopsapadex,11,69
657,Thruweredower,13,55
658,Zeerobplin,17,126
659,Varwerpommex,25,48
660,Updudplistor,4,143
661,Endtinanicator,25,24
662,Doperefower,27,9
663,Surzapinower,32,10
664,Sursipexex,20,59
665,Barpickedicator,24,87
666,Tuptumackentor,11,38
667,Inwerilistor,22,143
668,Lomtanackor,6,88
669,Emjubimantor,27,20
670,Klijubilan,5,103
671,Fropebepentor,14,121
672,Raptinedicator,4,58
673,Frokilopazz,10,130
674,Untanedgantor,31,67
675,Unzapinax,18,128
676,Trupickewantor,27,16
677,Updimedgover,15,135
678,Vartaninar,19,23
679,Bartumewar,7,25
680,Lombanilower,2,80
681,Winbanamantor,2,109
682,Kliquestexan,20,128
683,Lomdudaquazz,20,137
684,Frotumommor,23,143
685,Cipkiledower,18,96
686,Supquesticator,16,81
687,Admunicover,16,143
688,Thrunipinin,21,98
689,Unglibicax,19,101
690,Rappebexentor,2,150
691,Enddudilin,7,70
692,Sursipanex,23,42
693,Doppebexin,17,76
694,Lomrobommover,14,8
695,Lomjubefover,25,64
696,Cippickadex,18,89
697,Indudonin,25,125
698,Undudinistor,29,60
699,Grojubaquistor,13,137
700,Bartanamover,12,103
701,Raprobamicator,16,31
702,Unsapanar,33,135
703,Tupquestedgover,7,50
704,Dopquestefistor,32,111
705,Adtumex,32,46
706,Upkilackazz,12,78
707,Doptanewor,21,148
708,Monnipicazz,8,138
709,Adzapedgar,9,36
710,Cipglibicator,1,62
711,Varzapimantor,24,84
712,Barzapexex,1,36
713,Lomfropadicator,21,106
714,Wintumimex,13,118
715,Adhupaquower,33,39
716,Dopzapicantor,23,45
717,Qwiquestupower,7,22
718,Tipweromman,15,17
719,Surmunadicator,9,113
720,Qwisipicower,6,11
721,Tipwerpanantor,10,44
722,Upjubepentor,4,50
723,Zeenipegin,17,136
724,Klizapackistor,29,20
725,Trusapackower,33,39
726,Dopfropadex,30,83
727,Thrunipefover,10,133
728,Thruquestor,14,127
729,Tupwericor,33,8
730,Groerilex,3,44
731,Barpickimax,8,41
732,Endsipewistor,22,80
733,Haptinamor,15,36
734,Emvenopazz,18,71
735,Rapbanommex,30,54
736,Thrusapilar,1,125
737,Adnipollin,2,83
738,Parkilopantor,3,31
739,Klirobollazz,26,102
740,Upwerpaquistor,25,24
741,Cipkilonentor,9,83
742,Emeranower,19,11
743,Haprobinar,2,67
744,Tupglibplax,23,44
745,Zeemunonax,20,70
746,Lomglibackax,4,38
747,Endweradicator,21,86
748,Thrutininin,6,107
749,Empickegazz,32,119
750,Adpickadistor,20,23
751,Frozapamower,11,72
752,Zeemunilover,20,113
753,Frodudonistor,22,97
754,Tipwerplentor,33,131
755,Truwerpadex,9,64
756,Upzapommor,31,130
757,Trukilimax,23,148
758,Bardimexistor,24,35
759,Supjubedistor,16,77
760,Uptanedar,29,113
761,Barhupexentor,9,95
762,Emdimamin,14,26
763,Raphuponicator,24,134
764,Rapdudexex,24,142
765,Hapdudedar,20,26
766,Parsipewar,12,9
767,Hapdimimax,14,5
768,Inhupanistor,22,40
769,Vardudplor,11,69
770,Rappebewentor,7,64
771,Hapcador,12,112
772,Parquestinin,7,141
773,Raptinexower,32,65
774,Ciptinepax,7,94
775,Emwerponor,32,78
776,Cipmuninistor,33,38
777,Parerepicator,10,133
778,Qwimunopin,32,97
779,Grofropinor,2,100
780,Adrobplicator,7,5
781,Frovenentor,18,147
782,Lompebamicator,15,30
783,Uppickor,33,13
784,Gropickilax,32,135
785,Uphupedower,8,122
786,Upmunexar,6,77
787,Gronipupan,27,133
788,Hapkilican,29,55
789,Gropebilistor,4,12
790,Windudedgantor,7,74
791,Lomdimedentor,14,126
792,Tipsapollantor,20,53
793,Parwerpiman,20,104
794,Frozapedin,32,139
795,Zeeeronazz,24,79
796,Monsapador,2,61
797,Inwerpepistor,26,27
798,Tupsipupentor,20,75
799,Intumepex,1,23
800,Tippickilin,33,66
801,Zeesipedgan,9,38
802,Monglibedgex,18,51
803,Emdimewan,23,44
804,Emtumimistor,30,60
805,Rezapegor,10,61
806,Qwicadonistor,22,81
807,Tuppickexex,13,54
808,Tipjubexicator,30,8
809,Haptanupover,20,58
810,Adpebilor,8,31
811,Frokilepin,5,148
812,Endcadinan,26,56
813,Thruhupupin,7,85
814,Zeerobamin,9,77
815,Rappebanover,10,116
816,Parpebonentor,18,69
817,Refropefentor,11,18
818,Unhupilantor,4,149
819,Dopdimackex,33,25
820,Unfropedgan,7,99
821,Rehupommentor,12,26
822,Vartumicentor,23,100
823,Emweropentor,21,33
824,Tipwerpamower,33,145
825,Endvenicator,31,88
826,Zeebanadistor,22,64
827,Emwerpupin,21,42
828,Zeerobepantor,27,75
829,Qwimunamicator,29,20
830,Rapquestewower,26,22
831,Monbanackin,30,17
832,Barpebplistor,5,62
833,Klisipegentor,25,79
834,Winkilommor,1,38
835,Winvenefor,6,117
836,Supsipilover,27,101
837,Embanewin,13,137
838,Zeesapimax,31,103
839,Grozapefax,16,78
840,Gropickedgantor,24,46
841,Qwinipefex,22,29
842,Tiperupin,25,130
843,Ciptaninar,17,148
844,Rewerepar,32,132
845,Intanegower,22,76
846,Supfropar,1,75
847,Raptinimistor,6,118
848,Emdudinover,18,32
849,Supvenilan,12,29
850,Surtumamax,15,15
851,Barvenonex,15,48
852,Mondimadazz,4,27
853,Truwerpewover,12,56
854,Surdimadan,15,74
855,Dopquestewor,14,45
856,Parfropaquantor,27,88
857,Upwerpepistor,10,24
858,Lomhupadan,30,49
859,Frowerpamar,31,122
860,Grojubegentor,19,148
861,Invenepower,4,44
862,Surhupommor,13,129
863,Tupfropover,19,139
864,Wineranistor,25,41
865,Varjubollex,27,19
866,Inzapopower,27,90
867,Tiphupopicator,10,127
868,Lomsapplentor,1,52
869,Inrobefax,12,110
870,Thruveneficator,10,20
871,Monhupackin,15,83
872,Thruerollover,6,65
873,Grovenilex,24,76
874,Inweradan,11,129
875,Fropickopower,5,75
876,Surglibackor,17,46
877,Supfropin,16,102
878,Upmunewistor,11,51
879,Winweraquar,27,73
880,Parpebedar,4,18
881,Empickedax,19,96
882,Empickicator,22,15
883,Winkilonentor,5,52
884,Zeepickepantor,33,10
885,Trubanedazz,16,124
886,Tupvenantor,16,139
887,Barpebedgor,7,12
888,Tupmunamover,20,11
889,Untinackor,23,143
890,Surcadupentor,2,33
891,Tuptanollar,22,82
892,Tipdudewower,5,92
893,Grosapanover,27,131
894,Inwerar,12,81
895,Adhupanax,11,7
896,Supwerpackex,10,50
897,Surpebentor,11,141
898,Unzapicover,19,112
899,Tupsapegicator,20,118
900,Surjubaquover,22,136
901,Untinollan,25,99
902,Wintumanor,10,71
903,Klifropaquower,25,72
904,Monweredgantor,24,14
905,Frojubimar,27,82
906,Rapdudexover,8,133
907,Grozapor,12,102
908,Unhupollazz,2,77
909,Uncadicantor,7,149
910,Surzapicax,2,149
911,Grokilepex,32,136
912,Cipdimackentor,32,123
913,Thrutinopistor,29,126
914,Klitanexantor,4,110
915,Fropickonor,3,56
916,Zeepebanover,6,34
917,Unbanommin,30,82
918,Trurobonan,21,134
919,Zeewerpanan,29,67
920,Hapvenanor,11,30
921,Adpebplin,6,83
922,Qwiglibedower,5,121
923,Tuptanedistor,14,59
924,Tipquestimentor,5,82
925,Supdudinentor,18,88
926,Zeesipadistor,14,140
927,Emhupamover,6,84
928,Enddudadax,33,145
929,Zeewerpommantor,27,127
930,Upbanefistor,7,30
931,Truwerpicazz,18,55
932,Growerpentor,12,140
933,Monpickommower,19,83
934,Supweronar,21,87
935,Rejubican,21,69
936,Surpebplentor,33,30
937,Lomquestadower,23,94
938,Fronipaquover,23,43
939,Grosapommicator,22,78
940,Truglibadex,18,140
941,Varrobedgicator,27,43
942,Tipwerackantor,9,85
943,Hapwerommower,6,12
944,Adsipadantor,12,144
945,Unbanupicator,23,47
946,Hapdudegex,20,109
947,Varjubinax,12,116
948,Parhupicover,15,26
949,Tupfropopan,12,30
950,Frosapopor,26,123
951,Qwisipinex,1,118
952,Endweraquower,16,13
953,Zeetuminicator,6,50
954,Reglibopicator,13,93
955,Upzapefentor,19,58
956,Tupmunegar,19,127
957,Barquestommantor,14,17
958,Emwerinistor,19,140
959,Hapkilexistor,15,76
960,Thruhupanex,32,92
961,Endjubanover,20,54
962,Unnipimower,20,107
963,Grodudewistor,2,100
964,Unwerpamin,27,123
965,Upbanepor,5,99
966,Tupdimexex,10,146
967,Supsapegax,24,45
968,Monsapinan,18,44
969,Adjubadicator,25,46
970,Emsipadicator,22,31
971,Dopdimanax,11,90
972,Trufropamentor,10,44
973,Winjubadicator,18,61
974,Tuptinilicator,10,76
975,Grozapamax,11,137
976,Adtinackar,32,149
977,Lomtinopex,1,114
978,Zeefropaquor,19,65
979,Zeetinollover,9,39
980,Winsapor,26,129
981,Varbanadentor,18,29
982,Frozapimicator,25,64
983,Rerobonex,14,120
984,Adpebimex,23,8
985,Reglibonax,4,63
986,Endrobepor,25,47
987,Frocadimazz,11,95
988,Zeebanommantor,15,140
989,Monrobackistor,10,34
990,Dopzapexex,10,92
991,Unsapexower,16,19
992,Rappickadantor,18,104
993,Varpickamower,27,117
994,Vardudazz,20,136
995,Froquestexex,26,92
996,Qwidudexin,7,86
997,Lombanackazz,14,134
998,Frohupinower,2,39
999,Retumonar,2,49
1000,Cipzapexazz,7,51